User	RfAvotes	Supports	Opposes	Neutrals	Editcount	Firstedit	Admin
AGK	16	14	2	0	28858	February_27,_2006	Yes
Roux	7	5	2	0	21832	April_29,_2008	No
QuiteUnusual	1	0	1	0	6566	August_2,_2006	No
Mifter	5	5	0	0	15912	February_4,_2008	Yes
SpiderJon	1	1	0	0	1275	May_2,_2006	No
Passionless	1	0	1	0	3397	February_19,_2010	No
Wiooiw	42	41	0	1	2317	May_10,_2010	No
DarkFalls	23	12	11	0	23445	October_26,_2006	Yes
Soap	50	41	3	6	18824	January_8,_2006	Yes
Struway2	1	0	1	0	26835	July_1,_2007	No
Hell_in_a_Bucket	2	2	0	0	10794	April_8,_2009	No
Ron_Ritzman	2	1	1	0	52980	January_8,_2005	Yes
Ks0stm	2	1	0	1	6739	May_29,_2007	No
Ctjf83	7	2	3	2	42114	August_6,_2006	No
Sky_Harbor	1	1	0	0	9483	April_7,_2005	Yes
RL0919	6	5	1	0	16999	July_10,_2005	Yes
Malinaccier	10	9	1	0	14308	January_9,_2007	Yes
TBloemink	1	1	0	0	1541	October_8,_2010	No
Moabdave	3	3	0	0	7787	January_16,_2006	Yes
FerricMix	1	1	0	0	152	April_28,_2010	No
SilkTork	32	16	15	1	46325	January_12,_2006	Yes
Marcus_Qwertyus	3	2	0	1	20501	December_21,_2008	No
Jonkerz	1	1	0	0	11889	November_25,_2009	No
Dylan620	5	3	1	1	13017	September_15,_2007	No
Carcharoth	1	1	0	0	57728	January_8,_2005	Yes
Belovedfreak	11	1	8	2	68683	November_7,_2006	No
Weaponbb7	2	1	1	0	4369	August_15,_2006	No
BrownHairedGirl	16	7	7	2	239412	January_8,_2006	Yes
MastCell	7	6	1	0	31539	August_1,_2006	Yes
Mikemoral	2	2	0	0	6648	April_3,_2007	No
Mike_R	1	1	0	0	8337	April_18,_2004	No
John_Carter	1	1	0	0	148444	January_26,_2007	Yes
Herbythyme	1	1	0	0	6737	October_7,_2006	No
Gtdp	4	2	2	0	1967	August_5,_2005	No
Livitup	1	1	0	0	2242	August_13,_2005	No
Theda	3	2	1	0	23368	August_8,_2005	Yes
Pink_Bull	20	15	2	3	6177	May_13,_2009	No
Mountlovcen8	1	1	0	0	249	November_19,_2009	No
Taiwan_boi	1	0	1	0	2836	January_25,_2006	No
Tommy2010	63	50	10	3	68079	February_20,_2010	No
Closedmouth	4	4	0	0	126497	September_5,_2005	Yes
MER-C	2	2	0	0	149978	July_7,_2006	No
Aboutmovies	1	1	0	0	95704	October_29,_2006	No
Magog_the_Ogre	1	1	0	0	20975	August_1,_2008	Yes
Killervogel5	2	2	0	0	26035	May_30,_2005	Yes
Juliancolton	26	24	2	0	116325	November_18,_2006	Yes
Hullaballoo_Wolfowitz	2	1	1	0	34682	July_31,_2006	No
Abecedare	5	5	0	0	17901	October_2,_2006	Yes
83d40m	1	0	1	0	3637	November_11,_2006	No
Boing!_said_Zebedee	140	89	37	14	36586	September_4,_2007	Yes
GreatOrangePumpkin	3	2	1	0	11394	June_5,_2009	No
Laser_brain	7	3	4	0	8202	January_23,_2008	Yes
Mattwj2002	1	0	1	0	549	February_2,_2005	No
Leonard^Bloom	3	3	0	0	18535	October_20,_2007	Yes
R.D.H._(Ghost_In_The_Machine)	1	0	1	0	5406	July_13,_2005	No
Theirrulez	1	0	1	0	1780	April_13,_2010	No
Skater	7	4	2	1	5580	July_19,_2007	No
Pax:Vobiscum	1	1	0	0	8047	August_31,_2006	Yes
Kcowolf	3	0	2	1	398	August_16,_2006	No
Gwen-chan	1	1	0	0	512	October_17,_2010	No
Sgt._R.K._Blue	1	1	0	0	3046	September_19,_2009	No
Ruhrfisch	6	6	0	0	43489	July_8,_2005	Yes
RegentsPark	27	24	2	1	12414	July_18,_2007	Yes
Dabomb87	13	13	0	0	60895	July_7,_2007	Yes
Theleftorium	12	9	3	0	30046	March_20,_2008	Yes
JaGa	1	0	1	0	75298	August_27,_2006	Yes
Arsonal	2	2	0	0	8849	January_18,_2006	No
Dpmuk	1	1	0	0	5377	August_20,_2007	No
Âﾷ	6	4	2	0	0	Unknown	Unknown
AKMask	1	1	0	0	4636	November_17,_2005	No
Perseus8235	7	6	1	0	856	February_4,_2011	No
Tyrol5	42	33	4	5	9400	November_19,_2008	No
Leaky_caldron	5	0	5	0	6474	February_23,_2006	No
Hiberniantears	10	7	3	0	8451	March_11,_2005	Yes
E2eamon	6	6	0	0	8300	March_8,_2009	No
Edgarde	12	8	1	3	17258	August_5,_2004	No
Kirill_Lokshin	5	3	2	0	65674	June_8,_2005	Yes
Colonel_Warden	32	12	20	0	21203	February_26,_2006	No
Lovetinkle	14	9	5	0	499	October_8,_2010	No
Abd	2	2	0	0	14173	February_7,_2005	No
Moriori	2	1	0	1	11145	October_18,_2003	Yes
Jerry	2	0	1	1	19264	November_22,_2006	Yes
KnowIG	1	0	1	0	8526	April_18,_2010	No
BobNewbie123	1	1	0	0	28	November_1,_2010	No
Giants2008	1	1	0	0	9267	March_18,_2008	No
Campbell_Drive	2	1	1	0	180	September_29,_2010	No
2over0	11	10	0	1	14736	August_3,_2005	Yes
The_Utahraptor	40	25	10	5	14638	November_8,_2009	No
PassaMethod	3	3	0	0	578	March_10,_2011	No
Darwinek	2	2	0	0	121338	September_28,_2004	Yes
Miranda	1	1	0	0	34578	January_14,_2007	No
Ncmvocalist	2	2	0	0	22322	October_25,_2006	No
Chaosdruid	6	5	0	1	15300	November_26,_2007	No
MacMed	1	1	0	0	2505	May_12,_2009	No
Athaenara	9	7	2	0	35953	October_12,_2006	Yes
PopularMax	1	1	0	0	963	December_25,_2009	No
Hobit	38	23	8	7	8173	October_11,_2005	No
A._B.	10	5	1	4	33183	November_15,_2005	Yes
E._Fokker	7	7	0	0	7630	October_11,_2010	No
RevanFan	1	1	0	0	7068	April_29,_2009	No
Tim1357	2	2	0	0	54214	July_31,_2009	No
Matty	2	2	0	0	2666	August_3,_2008	No
Wjemather	2	0	2	0	17445	July_1,_2007	No
Andrensath	5	3	2	0	881	February_5,_2008	No
Slgrandson	16	9	4	3	11166	February_23,_2005	No
BabelStone	1	1	0	0	3481	May_20,_2008	No
Moondyne	1	1	0	0	51509	October_28,_2003	Yes
Plastikspork	21	21	0	0	112067	August_12,_2007	Yes
Reaper_Eternal	46	32	8	6	23902	September_25,_2009	No
Hi878	76	56	16	4	9578	November_29,_2008	No
Pointillist	10	3	7	0	8079	September_25,_2007	No
Ryan_Postlethwaite	8	7	1	0	27775	October_28,_2006	Yes
Marcusmax	1	1	0	0	4541	October_22,_2006	No
Ged_UK	30	26	2	2	23893	November_19,_2007	Yes
Newyorkbrad	72	72	0	0	27846	February_25,_2006	Yes
Karenjc	1	1	0	0	11087	April_11,_2006	No
Dave_souza	1	0	0	1	29190	July_10,_2004	Yes
Geometry_guy	3	2	1	0	28954	February_7,_2007	Yes
Justin_W_Smith	1	1	0	0	5128	August_2,_2007	No
Bsadowski1	3	3	0	0	13836	December_3,_2004	Yes
Ling.Nut	3	3	0	0	33932	August_6,_2006	No
Graham87	2	1	1	0	67967	February_17,_2005	Yes
Cyclopia	1	0	1	0	6872	July_25,_2004	No
Transity	1	1	0	0	7566	October_21,_2008	No
Iridia	1	1	0	0	1831	August_25,_2004	No
Xavexgoem	2	1	1	0	8329	September_6,_2007	Yes
Basket_of_Puppies	22	19	3	0	6521	January_2,_2009	No
Bradeos_Graphon	1	1	0	0	23684	February_10,_2004	Yes
Epeefleche	30	17	10	3	66567	July_7,_2006	No
Dweller	4	4	0	0	33080	September_16,_2005	Yes
Smiley4541	4	4	0	0	181	November_20,_2010	No
Tedder	6	4	2	0	46704	April_28,_2005	Yes
Nephron	1	1	0	0	7873	July_7,_2005	No
Tijfo098	1	1	0	0	6690	August_19,_2010	No
HeartofaDog	1	0	0	1	24556	October_12,_2005	No
Awesomeness	1	1	0	0	330	October_6,_2008	No
Karanacs	4	3	1	0	23743	October_31,_2006	Yes
Bduke	1	1	0	0	21515	October_31,_2005	Yes
Shoessss	3	2	0	1	12930	November_15,_2006	No
Charles_Matthews	1	1	0	0	217248	February_25,_2002	Yes
My_Core_Competency_is_Competency	3	3	0	0	31200	March_25,_2007	No
Stephen_B_Streater	10	5	3	2	7257	February_12,_2006	No
CT_Cooper	15	14	0	1	22758	March_16,_2007	Yes
SmokeyJoe	7	7	0	0	6767	February_8,_2006	No
Doctorfluffy	2	2	0	0	8621	May_16,_2007	No
Hoary	2	2	0	0	39200	November_6,_2004	Yes
Sandman888	1	1	0	0	7003	October_30,_2009	No
Noraft	5	4	1	0	5644	October_31,_2009	No
Dthomsen8	1	1	0	0	46090	January_24,_2008	No
Sonia	40	31	3	6	6705	October_18,_2008	No
Kbdank71	2	0	2	0	125795	February_23,_2005	Yes
OverlordQ	1	0	1	0	22101	April_7,_2004	Yes
B	4	3	1	0	48617	April_22,_2006	Yes
QwerpQwertus	1	1	0	0	3637	May_17,_2010	No
Amalthea	2	1	1	0	24332	September_11,_2005	Yes
Geni	4	4	0	0	26372	March_30,_2004	Yes
BarkingFish	7	4	3	0	6141	September_8,_2004	No
Inka_888	68	55	9	4	4641	July_18,_2010	No
Walton_One	5	4	0	1	9568	February_20,_2006	Yes
Tnxman307	15	14	1	0	53519	November_6,_2007	Yes
Rin_tin_tin	1	1	0	0	622	January_20,_2010	No
Toddst1	13	6	6	1	61274	May_2,_2007	Yes
Gogo_Dodo	6	6	0	0	110031	April_16,_2006	Yes
TheGrappler	1	1	0	0	15469	June_16,_2005	No
Honette	1	1	0	0	3422	October_5,_2006	No
ElKevbo	1	0	1	0	32381	March_21,_2005	No
Stickee	3	3	0	0	8195	May_3,_2008	No
Strikerforce	30	14	10	6	2166	October_15,_2008	No
The_Wordsmith	1	0	1	0	6692	March_4,_2005	Yes
Bejinhan	55	42	8	5	5768	June_2,_2009	No
Chaser	10	9	0	1	21890	June_5,_2005	Yes
Jclemens	59	26	23	10	29423	August_24,_2006	Yes
Dougweller	3	3	0	0	60302	April_23,_2006	Yes
La_Pianista	1	1	0	0	21728	November_24,_2007	No
MikeLynch	2	2	0	0	8849	September_21,_2007	No
Intelati	21	19	2	0	5838	November_21,_2008	No
WilliamH	1	1	0	0	7725	May_19,_2006	Yes
Pyfan	3	1	2	0	2674	March_3,_2008	No
Cenarium	1	1	0	0	21203	November_27,_2007	Yes
Rd232	8	5	3	0	46186	October_27,_2004	Yes
MuZemike	30	17	10	3	56444	May_31,_2008	Yes
Enigmaman	1	0	0	1	33047	February_19,_2007	Yes
S_Marshall	16	7	6	3	13972	May_14,_2006	No
Dekkappai	1	0	1	0	22031	January_26,_2006	No
Journalist	1	1	0	0	12484	July_2,_2005	Yes
Brewcrewer	18	15	2	1	48763	September_29,_2007	No
Littleolive_oil	6	4	2	0	12376	December_12,_2006	No
GDonato	3	3	0	0	10861	January_14,_2007	Yes
Rmzadeh	1	1	0	0	685	May_27,_2009	No
AutoGeek	1	1	0	0	788	June_3,_2010	No
TreasuryTag	7	2	4	1	37675	December_16,_2006	No
Unscintillating	1	0	1	0	755	December_24,_2010	No
Wireless_Keyboard	3	3	0	0	4762	April_20,_2009	No
It_Is_Me_Here	1	1	0	0	8131	October_23,_2006	Yes
Catfish_Jim_and_the_soapdish	1	1	0	0	13909	October_5,_2007	No
HighKing	1	1	0	0	11643	December_1,_2006	No
Wingdude88	1	1	0	0	380	February_21,_2010	No
Heymid	12	8	3	1	9340	January_15,_2010	No
Taelus	24	18	4	2	6305	October_28,_2005	Yes
<RTV>	2	2	0	0	0	Unknown	Unknown
Chrishomingtang	1	1	0	0	2	October_11,_2010	No
J.delanoy	6	6	0	0	303789	October_1,_2006	Yes
Mr._IP	2	2	0	0	1295	February_17,_2008	No
Nekami_The_Second	1	0	0	1	82	April_10,_2010	No
Seraphim	2	2	0	0	16608	January_31,_2007	No
Ukexpat	1	0	1	0	72957	September_13,_2005	No
East_of_Borschov	8	3	3	2	5231	April_11,_2010	No
Guyinblack25	1	1	0	0	17052	May_1,_2006	No
NawlinWiki	6	5	1	0	172544	June_30,_2005	Yes
Bwrs	12	7	0	5	4512	May_19,_2008	No
KrakatoaKatie	3	2	1	0	17602	June_14,_2006	Yes
Someguy1221	1	1	0	0	28398	January_22,_2007	Yes
Wtmitchell	1	1	0	0	38469	November_17,_2004	Yes
Sleapaside	1	1	0	0	20	July_28,_2010	No
Theo10011	2	2	0	0	2613	October_15,_2009	No
Nick_Ottery	1	0	1	0	1080	May_15,_2006	No
PS.	1	1	0	0	4361	March_26,_2010	No
Master_of_Puppets	1	1	0	0	22623	November_12,_2005	Yes
Acather96	23	19	4	0	21608	December_29,_2009	No
MarmadukePercy	33	28	2	3	22086	February_8,_2008	No
John	34	26	6	2	93035	January_8,_2006	Yes
Jeffrey_Mall	1	1	0	0	16031	June_4,_2009	No
Gordonrox24	21	20	1	0	5357	January_20,_2009	No
Tryptofish	59	52	2	5	16706	August_13,_2008	No
MilborneOne	1	1	0	0	63215	January_15,_2006	Yes
Phantomsteve	54	34	11	9	26365	May_25,_2005	Yes
SlimVirgin	14	12	2	0	113735	November_5,_2004	Yes
<RTV>	7	4	2	1	0	Unknown	Unknown
Terrillja	2	0	2	0	18677	June_14,_2008	No
NocturneNoir	1	1	0	0	3658	December_1,_2008	No
FloNight	1	1	0	0	16038	October_11,_2005	Yes
Risker	13	13	0	0	16487	December_27,_2005	Yes
Resolute	3	3	0	0	32503	September_9,_2005	Yes
Tony_Fox	11	11	0	0	17406	February_24,_2006	Yes
Thincat	1	0	1	0	3042	April_27,_2004	No
Doug	1	1	0	0	11199	February_16,_2007	Yes
Kingturtle	4	3	1	0	60403	November_26,_2002	Yes
Okip	2	0	2	0	5213	February_5,_2010	No
William_S._Saturn	2	2	0	0	7625	May_24,_2008	No
Akhilleus	2	2	0	0	13160	November_28,_2005	Yes
JimmyBlackwing	1	1	0	0	8876	October_10,_2005	No
Diego_Grez	43	31	12	0	19144	June_4,_2007	No
Throwaway85	5	4	1	0	3491	August_19,_2009	No
Badger_Drink	12	4	7	1	3368	August_4,_2007	No
Richardcavell	22	17	5	0	14993	July_30,_2005	No
Rahuloof	4	4	0	0	1670	October_27,_2009	No
Kafka_Liz	1	1	0	0	6047	August_10,_2007	No
Jasper_Deng	4	1	3	0	3942	May_10,_2008	No
Hahnchen	3	3	0	0	8170	May_13,_2005	No
Timotheus_Canens	68	62	6	0	26442	December_31,_2005	Yes
Tyrenius	1	1	0	0	37851	August_22,_2005	Yes
FinalRapture	2	2	0	0	4144	May_25,_2010	No
Staxringold	1	1	0	0	19724	August_23,_2005	Yes
Shawn_in_Montreal	29	22	4	3	47445	October_23,_2006	No
Avicennasis	11	10	1	0	30207	August_11,_2006	No
Jehochman	1	1	0	0	32037	March_22,_2005	Yes
NortyNort	5	2	2	1	15966	September_15,_2009	No
Eglinton2	1	1	0	0	4	February_11,_2011	No
Blanchardb	12	9	3	0	79214	September_12,_2007	No
Mauler90	4	3	1	0	3695	June_27,_2008	No
Zachlipton	5	4	0	1	12079	October_13,_2004	No
Francium12	6	5	1	0	9534	March_16,_2006	No
EdJohnston	23	23	0	0	23639	May_29,_2006	Yes
Johnbod	10	9	0	1	87376	October_24,_2006	No
TucsonDavid	1	1	0	0	1225	October_22,_2010	No
Peter_Karlsen	4	3	1	0	9659	August_28,_2010	No
The_Interior	15	13	0	2	8126	December_26,_2008	No
Captain_panda	1	0	1	0	57936	December_7,_2006	No
AuburnPilot	1	1	0	0	26223	July_29,_2006	Yes
Majoreditor	18	14	4	0	7802	December_26,_2006	No
PGWG	1	1	0	0	4296	March_14,_2007	No
Joe_Decker	43	40	1	2	14066	March_11,_2005	Yes
Clementina	6	5	1	0	1100	August_21,_2010	No
GRuban	1	1	0	0	4740	December_5,_2005	No
Keith_D	1	1	0	0	104798	September_19,_2006	Yes
Wandering_Courier	2	2	0	0	884	September_17,_2008	No
CJISBEAST	1	1	0	0	321	May_28,_2010	No
Kayau	10	4	5	1	10130	September_3,_2006	No
Richerman	1	1	0	0	12567	September_13,_2007	No
Addihockey10	8	7	0	1	9726	October_24,_2008	No
Scorpion0422	2	2	0	0	65601	February_8,_2006	No
Mobile_Snail	2	2	0	0	2324	July_3,_2009	No
Special_Cases	5	3	2	0	1882	October_10,_2010	No
Giants27	5	4	1	0	32792	September_14,_2008	No
Sarah	8	2	5	1	17336	September_12,_2005	Yes
Daedalus969	2	2	0	0	19691	April_23,_2007	No
Ronk01	20	14	5	1	3324	March_19,_2010	No
WarthogDemon	1	1	0	0	24852	October_14,_2006	No
Fluffernutter	1	1	0	0	7783	April_16,_2008	No
Emily_Jensen	1	1	0	0	1117	April_14,_2010	No
Philippe	1	1	0	0	17135	May_28,_2006	Yes
Doc9871	2	2	0	0	7136	February_3,_2008	No
Wolfnix	3	2	1	0	2193	June_27,_2007	No
Jennavecia	2	1	1	0	38860	December_22,_2006	No
Hordaland	1	1	0	0	10138	June_30,_2007	No
Peter.C	7	7	0	0	5304	November_1,_2007	No
SoWhy	33	22	9	2	29733	March_25,_2004	Yes
Half_price	1	0	1	0	4388	May_30,_2009	No
Jimmy_Pitt	9	6	3	0	9263	January_31,_2006	No
Zidonuke	2	2	0	0	7371	January_6,_2007	No
5_albert_square	8	5	3	0	34438	April_19,_2009	Yes
December21st2012Freak	2	2	0	0	0	September_4,_2009	No
ChemistryProf	1	0	1	0	341	December_10,_2006	No
Polargeo	44	29	11	4	9903	January_20,_2009	No
Robofish	32	18	13	1	41890	January_15,_2006	No
Dwayne	50	31	9	10	6204	August_24,_2008	No
Endofskull	3	3	0	0	4928	July_9,_2010	No
Undead_warrior	1	1	0	0	12904	March_27,_2007	No
Richwales	21	15	5	1	5392	March_6,_2005	No
Notedgrant	2	2	0	0	6398	May_18,_2009	No
Alpha_Quadrant	25	22	3	0	13576	April_21,_2010	No
GregJackP	4	2	2	0	8279	January_27,_2010	No
Quarl	7	7	0	0	31054	April_11,_2004	Yes
Iqinn	9	8	1	0	22667	April_13,_2009	No
Bigtimepeace	1	0	0	1	10138	June_13,_2006	Yes
Regent_of_the_Seatopians	9	9	0	0	1193	June_1,_2010	No
Haukurth	2	2	0	0	23062	July_22,_2003	Yes
Ranger_Steve	1	1	0	0	4091	August_31,_2007	No
Barryob	2	2	0	0	9624	August_7,_2005	No
Atama	39	30	9	0	10995	November_22,_2006	Yes
Djsasso	2	0	2	0	72604	December_9,_2004	Yes
SusanLesch	2	2	0	0	34933	May_31,_2006	No
Ucucha	14	11	3	0	29904	March_28,_2005	Yes
Jason_Rees	1	1	0	0	32132	August_13,_2006	No
Ebe123	8	6	1	1	3189	February_6,_2010	No
Seraphimblade	13	13	0	0	20551	March_14,_2005	Yes
Mo_ainm	3	1	2	0	4282	February_15,_2010	No
Sapporod1965	1	1	0	0	87	January_31,_2010	No
Baseball_Watcher	24	14	7	3	3365	December_13,_2010	No
SmokingNewton	1	0	1	0	689	March_2,_2010	No
Geschichte	2	2	0	0	78842	October_8,_2004	Yes
Topbanana	1	0	0	1	27458	March_18,_2004	Yes
Pmanderson	4	1	2	1	58229	May_2,_2004	No
Qwyrxian	6	2	4	0	20008	October_21,_2008	No
Nick-D	4	4	0	0	37848	November_6,_2005	Yes
Ryan_Norton	4	3	1	0	12248	March_1,_2005	No
Alistair_Stevenson	9	7	2	0	2069	February_4,_2010	No
January	1	1	0	0	13085	September_15,_2009	No
Bwilkins	3	0	2	1	17150	March_13,_2006	Yes
Mr_Bungle	1	1	0	0	3789	June_7,_2006	No
TimidGuy	1	0	1	0	7175	September_1,_2006	No
Tone	1	1	0	0	16101	May_13,_2005	Yes
6ﾶිඟුවා	1	1	0	0	0	Unknown	Unknown
Deckiller	7	5	0	2	32458	July_16,_2005	Yes
Hipocrite	8	0	7	1	18780	October_28,_2004	No
Nasty_Housecat	1	1	0	0	4564	November_28,_2009	No
Assorg	1	1	0	0	0	Unknown	Unknown
The_Master_of_Mayhem	1	0	1	0	2266	January_6,_2011	No
Izno	1	1	0	0	4896	January_7,_2007	No
Mendaliv	2	2	0	0	24444	January_25,_2006	No
Wikireader41	4	4	0	0	7288	December_24,_2008	No
Abeg92	1	1	0	0	4786	April_9,_2006	No
Epipelagic	4	4	0	0	36696	August_22,_2005	No
Josette	4	4	0	0	3657	December_7,_2006	No
Arakunem	4	3	0	1	14059	August_23,_2007	No
BuickCenturyDriver	15	13	1	1	6705	January_8,_2007	No
Jeff_G.	11	11	0	0	68767	December_21,_2006	No
Zagalejo	4	4	0	0	45538	July_14,_2005	No
Joshua_Scott	15	12	3	0	8284	March_20,_2006	No
Rodhullandemu	12	9	1	2	115150	August_8,_2007	No
Sodabottle	2	2	0	0	10402	August_13,_2009	No
Nergaal	2	2	0	0	35538	July_1,_2007	No
Demize	1	1	0	0	2561	December_19,_2007	No
Yopienso	1	1	0	0	1719	March_31,_2006	No
Shrike	2	2	0	0	1176	May_20,_2006	No
Stephan_Schulz	2	0	1	1	18209	October_31,_2003	Yes
Innotata	1	1	0	0	16128	October_17,_2009	No
CalumH93	3	3	0	0	3545	March_20,_2008	No
LoveMonkey	1	0	1	0	26120	December_18,_2005	No
Crazymonkey1123	1	1	0	0	1014	March_7,_2011	No
Marco_Guzman,_Jr	1	0	1	0	1908	January_31,_2010	No
The_Land	2	2	0	0	6637	April_20,_2004	Yes
Jack-A-Roe	2	2	0	0	8789	November_22,_2007	No
Access_Denied	33	22	9	2	8709	May_22,_2010	No
The_Blade_of_the_Northern_Lights	24	24	0	0	12301	March_5,_2010	No
The_ed17	31	28	2	1	33976	March_17,_2006	Yes
Unomi	3	3	0	0	4420	March_8,_2009	No
Cwmhiraeth	1	1	0	0	3186	October_23,_2010	No
Sven70	1	1	0	0	594	October_3,_2008	No
Explicit	15	9	6	0	64123	July_11,_2007	Yes
TCNSV	2	2	0	0	306	August_16,_2010	No
CJLL_Wright	1	1	0	0	43231	May_6,_2005	Yes
Cullen328	5	3	2	0	8588	June_28,_2009	No
Atemperman	1	0	1	0	1045	May_8,_2004	No
Skizzik	1	1	0	0	20348	October_18,_2005	No
GlassCobra	10	10	0	0	29196	April_30,_2007	Yes
Keepscases	48	37	8	3	1582	May_7,_2007	No
Quigley	1	1	0	0	2331	July_12,_2010	No
Deed89	2	1	1	0	1093	July_12,_2010	No
Creation7689	1	1	0	0	1025	March_23,_2009	No
Nikkimaria	22	12	7	3	14380	August_8,_2005	Yes
Stubbleboy	1	1	0	0	1184	July_25,_2006	No
Lectonar	1	1	0	0	17592	November_5,_2004	Yes
Coren	2	2	0	0	15688	May_27,_2003	Yes
Jsayre64	1	1	0	0	3565	June_10,_2010	No
Rlendog	1	1	0	0	26388	April_7,_2007	Yes
Tikiwont	1	1	0	0	28488	October_19,_2006	Yes
Rocksanddirt	6	3	0	3	5347	June_14,_2007	No
Kleopatra	2	1	1	0	4283	October_7,_2010	No
Nev1	6	5	1	0	36298	October_3,_2006	Yes
Lear's_Fool	16	14	2	0	9205	July_10,_2009	Yes
WikiCopter	1	1	0	0	2924	August_6,_2010	No
Methecooldude	2	2	0	0	2581	October_25,_2010	No
Sole_Soul	9	9	0	0	8901	November_4,_2005	No
Lova_Falk	1	1	0	0	6423	February_25,_2007	No
Bastique	11	11	0	0	11365	August_27,_2004	Yes
Happy-melon	1	1	0	0	27371	February_26,_2006	Yes
PrincessofLlyr	32	28	1	3	9381	May_26,_2009	No
Gadfium	4	4	0	0	83856	March_25,_2004	Yes
Yikrazuul	2	2	0	0	1052	August_17,_2007	No
Mike_Christie	2	2	0	0	19396	April_12,_2006	No
RJaguar3	10	8	2	0	14634	April_18,_2007	No
PrincessWortheverything	1	1	0	0	788	February_25,_2011	No
Dincher	1	1	0	0	46470	August_24,_2006	No
Fr33kman	2	2	0	0	3146	January_26,_2007	No
Haymaker	1	1	0	0	9541	September_25,_2005	No
Kafziel	1	1	0	0	22464	June_15,_2005	Yes
Visik	7	6	0	1	23806	June_8,_2006	No
Cathardic	1	1	0	0	910	November_4,_2009	No
Amerique	1	1	0	0	5812	February_23,_2005	No
Nascar1996	2	2	0	0	16071	October_18,_2009	No
Cube_lurker	13	1	11	1	9575	August_29,_2007	No
JohnWBarber	2	2	0	0	7027	November_9,_2008	No
Mbz1	2	1	1	0	20125	April_15,_2007	No
Marek69	11	11	0	0	117308	September_15,_2008	No
Black_Kite	18	12	6	0	34686	December_24,_2006	Yes
Kittybrewster	4	4	0	0	39376	December_6,_2005	No
JMS_Old_Al	1	1	0	0	2163	March_20,_2009	No
VernoWhitney	7	5	2	0	29179	January_12,_2010	Yes
UserVOBO	1	0	0	1	2271	May_3,_2009	No
Andrei_S	1	1	0	0	377	November_16,_2010	No
The_undertow	1	1	0	0	11693	August_26,_2006	No
Kingpin13	3	2	1	0	52568	September_3,_2008	Yes
Jeni	1	1	0	0	13335	August_23,_2008	No
Horologium	4	3	1	0	16204	August_29,_2006	Yes
Awickert	1	1	0	0	9631	November_3,_2007	No
Artem_Karimov	1	0	1	0	3365	June_24,_2006	No
Stwalkerster	1	1	0	0	14682	January_31,_2006	Yes
Thparkth	12	8	4	0	3651	May_6,_2004	No
Steve_Smith	1	1	0	0	19961	February_23,_2007	Yes
Courcelles	89	62	27	0	137808	September_19,_2006	Yes
King_Pickle	5	5	0	0	633	March_1,_2008	No
C628	9	6	3	0	7124	December_13,_2007	No
Spongefrog	2	2	0	0	11708	February_6,_2009	No
Strange_Passerby	26	12	8	6	3664	March_19,_2010	No
ERK	1	1	0	0	2904	March_2,_2008	No
Lustralaustral	1	0	1	0	102	April_20,_2010	No
Dumelow	1	1	0	0	13784	March_1,_2006	Yes
MLauba	3	3	0	0	10053	January_13,_2009	Yes
28bytes	50	31	16	3	11371	December_14,_2006	No
AliveFreeHappy	1	1	0	0	19947	June_16,_2004	Yes
Hickorybark	1	0	1	0	506	August_24,_2009	No
Either_way	1	0	1	0	25681	December_21,_2005	Yes
Rockfang	5	0	4	1	23045	September_24,_2007	No
Shii	1	1	0	0	15093	April_27,_2002	Yes
Mattopaedia	1	1	0	0	1316	December_27,_2005	No
CharlieDelta	1	1	0	0	6116	February_20,_2008	No
Cindamuse	13	6	7	0	10970	March_11,_2007	No
Short_Brigade_Harvester_Boris	9	3	6	0	10213	August_25,_2008	No
Amorymeltzer	10	9	1	0	16442	December_8,_2005	Yes
Anonymous_Dissident	2	0	2	0	40459	January_17,_2007	Yes
Eagles247	22	19	3	0	23634	May_29,_2009	Yes
Willking1979	7	7	0	0	38663	March_8,_2008	Yes
Mugginsx	1	1	0	0	2525	March_28,_2009	No
ActivExpression	6	5	1	0	3595	July_23,_2009	No
Manxruler	2	2	0	0	23920	June_16,_2005	No
Judicatus	1	1	0	0	1702	May_17,_2007	No
Casliber	58	51	0	7	80433	May_5,_2006	Yes
Rogerd	21	21	0	0	22588	March_6,_2005	Yes
LeftCoastMan	1	0	1	0	97	November_15,_2010	No
WFCforLife	52	22	16	14	9338	September_30,_2009	No
TenPoundHammer	2	2	0	0	163536	December_30,_2005	No
Gosox5555	1	1	0	0	3933	November_17,_2007	No
Lerdthenerd	2	2	0	0	4810	February_28,_2007	No
FormerIP	1	1	0	0	6390	June_19,_2009	No
Brianann_MacAmhlaidh	2	2	0	0	8801	September_25,_2009	No
Torchiest	1	0	1	0	6316	August_20,_2006	No
Pax85	1	0	1	0	3755	December_7,_2005	No
Fainites	18	17	1	0	19568	December_9,_2006	Yes
Jc37	1	0	1	0	32340	February_12,_2006	Yes
KnightLago	1	1	0	0	15140	March_23,_2006	Yes
Harland1	1	1	0	0	6927	September_13,_2007	No
MithrandirAgain	2	2	0	0	3888	April_6,_2010	No
Logical_Premise	2	1	1	0	986	September_8,_2008	No
Dravecky	1	1	0	0	67938	June_7,_2007	Yes
Sole_Flounder	1	1	0	0	130	October_9,_2008	No
Euryalus	4	4	0	0	19349	April_9,_2007	Yes
Conti	1	0	1	0	17956	May_13,_2003	Yes
Calton	1	0	1	0	67353	November_4,_2004	No
OwenX	1	0	1	0	22221	December_29,_2004	Yes
SchfiftyThree	3	2	0	1	21153	April_2,_2007	No
SunCountryGuy01	11	11	0	0	3472	December_30,_2010	No
RFD	2	2	0	0	55089	December_11,_2005	No
Uncle_G	10	1	9	0	42602	January_6,_2005	Yes
Mentifisto	6	6	0	0	42930	October_13,_2006	Yes
Kaaveh_Ahangar	1	1	0	0	3100	May_29,_2006	No
Happysailor	3	3	0	0	10576	May_2,_2007	No
Franamax	5	2	2	1	15355	August_26,_2007	Yes
Nifky?	1	1	0	0	1386	October_16,_2008	No
NativeForeigner	36	24	4	8	8304	April_14,_2006	Yes
EdEColbert	1	0	1	0	816	April_15,_2010	No
Donatrip	1	1	0	0	240	November_4,_2008	No
2	6	6	0	0	11086	December_8,_2007	No
HelloAnnyong	1	1	0	0	30789	February_21,_2006	Yes
BritishWatcher	2	1	1	0	16781	November_18,_2008	No
Regancy42	8	0	8	0	5643	November_22,_2009	No
Dream_Focus	9	3	6	0	12467	July_18,_2006	No
Mailer_diablo	1	1	0	0	51611	November_8,_2004	Yes
Kuru	4	4	0	0	75964	January_8,_2006	Yes
Goodvac	5	0	5	0	7492	December_22,_2007	No
Hereforhomework2	1	1	0	0	948	April_21,_2010	No
Dirtlawyer1	4	4	0	0	25565	April_19,_2009	No
Turian	1	0	1	0	5657	July_13,_2009	No
K._Annoyomous	1	1	0	0	11107	April_6,_2007	No
Ceranthor	71	65	2	4	19004	March_9,_2007	Yes
Johnuniq	5	5	0	0	14012	December_19,_2007	No
Materialscientist	10	10	0	0	100335	September_15,_2008	Yes
Seahorseruler	1	1	0	0	2029	September_27,_2009	No
Malke_2010	1	1	0	0	8618	July_20,_2009	No
Gungadin	1	1	0	0	23132	February_19,_2006	No
DC	10	8	2	0	5368	August_1,_2009	No
Amphytrite	1	1	0	0	1351	December_11,_2005	No
Aeonx	4	4	0	0	3530	October_9,_2010	No
Hokeman	119	73	30	16	9230	February_27,_2006	No
Pumpmeup	2	2	0	0	4804	October_5,_2007	No
Pichpich	31	30	1	0	14661	January_14,_2008	No
JDDJS	1	1	0	0	3992	March_14,_2010	No
Kelapstick	1	1	0	0	15360	February_3,_2007	No
Coasterlover1994	16	11	3	2	6551	June_27,_2010	No
Groomtech	4	2	1	1	1604	May_3,_2009	No
The_Evil_IP_address	5	5	0	0	2892	December_22,_2008	No
Becritical	1	1	0	0	4196	December_6,_2009	No
Exploding_Boy	7	7	0	0	16642	January_12,_2004	Yes
Verbal	1	0	1	0	21935	May_24,_2008	No
Physics_is_all_gnomes	5	3	1	1	1414	December_26,_2010	No
Crystal_Clear_x3	1	1	0	0	11471	April_25,_2009	No
Orange_Suede_Sofa	1	0	0	1	8441	August_15,_2010	No
Hut_8.5	4	4	0	0	30399	July_19,_2006	Yes
Dlohcierekim	26	24	1	1	44216	March_3,_2006	Yes
Omirocksthisworld	1	1	0	0	1335	December_17,_2007	No
Arxiloxos	1	1	0	0	9976	June_11,_2008	No
Begoon	61	36	11	14	6287	September_13,_2009	No
Vivio_Testarossa	4	4	0	0	17605	October_22,_2007	No
Ghmyrtle	1	1	0	0	30737	June_30,_2006	No
Calmer_Waters	16	13	2	1	30119	June_4,_2009	Yes
Mr_little_irish	1	1	0	0	336	May_26,_2010	No
Stephen	42	39	3	0	22866	November_11,_2005	Yes
Maunus	3	3	0	0	20353	July_24,_2005	Yes
Oldelpaso	3	3	0	0	15086	February_6,_2005	Yes
Orangemarlin	1	1	0	0	26262	November_14,_2004	No
Frickeg	1	1	0	0	31163	December_1,_2006	No
BD2412	6	6	0	0	280525	February_20,_2005	Yes
Kansan	14	12	2	0	3218	January_8,_2008	No
Cryptic_C62	1	1	0	0	7751	March_5,_2006	No
Mathsci	1	1	0	0	20908	February_7,_2006	No
Petergriffin9901	1	1	0	0	11104	January_30,_2009	No
Salih	7	4	3	0	20161	October_22,_2006	No
PhGustaf	1	1	0	0	5432	September_25,_2007	No
Fastily	132	68	62	2	37259	January_14,_2008	No
Evilgohan2	4	2	1	1	4216	March_29,_2006	No
Egg_Centric	7	7	0	0	1189	January_14,_2011	No
Tempodivalse	4	4	0	0	15667	August_5,_2008	No
Stevenfruitsmaak	1	1	0	0	11686	April_24,_2005	Yes
Dwanyewest	1	0	1	0	34527	October_4,_2005	No
Cptnono	5	2	2	1	22186	August_24,_2008	No
Daven200520	1	1	0	0	4081	August_29,_2006	No
Santa_Claus_of_the_Future	1	1	0	0	682	October_4,_2008	No
Swtpc6800	1	1	0	0	3248	April_22,_2005	No
Manishearth	1	1	0	0	4756	September_29,_2007	No
Recognizance	2	2	0	0	9690	March_14,_2009	No
Davewild	14	11	3	0	36730	October_1,_2005	Yes
Hasteur	3	2	0	1	2578	November_13,_2007	No
<Placeholder>	12	8	1	3	53399	August_21,_2004	Yes
Footyfanatic3000	1	1	0	0	2127	March_27,_2009	No
E._Ripley	2	2	0	0	9256	May_26,_2006	No
Ward20	1	1	0	0	6014	June_14,_2007	No
Jac16888	2	2	0	0	21493	May_22,_2006	Yes
Gran2	1	1	0	0	20406	March_30,_2006	No
Alan_W	1	1	0	0	2335	January_19,_2004	No
AirplanePro	3	0	1	2	1311	December_5,_2009	No
Bigweeboy	1	0	1	0	12660	March_11,_2009	No
Quartermaster	36	30	5	1	5041	November_28,_2005	No
Hive001	3	3	0	0	334	March_5,_2010	No
Maurreen	1	1	0	0	22242	September_12,_2004	No
123Hedgehog456	2	2	0	0	1446	January_26,_2011	No
Sam_Blacketer	1	1	0	0	21172	December_12,_2006	No
C4MB	1	1	0	0	29	December_15,_2010	No
MZMcBride	2	2	0	0	69998	May_31,_2005	No
Wisdom89	22	7	15	0	30124	September_7,_2004	No
Nishidani	1	1	0	0	19440	May_26,_2006	No
Neutralhomer	17	14	2	1	42967	May_10,_2007	No
Kiefer.Wolfowitz	1	1	0	0	13678	May_17,_2009	No
Jubileeclipman	3	3	0	0	13427	October_30,_2008	No
UpstateNYer	6	6	0	0	22049	August_15,_2006	Yes
True_Pagan_Warrior	16	10	2	4	6565	September_13,_2005	No
Lost_Josephine_Minor	1	1	0	0	170	December_29,_2010	No
FredZ	1	1	0	0	508	June_4,_2009	No
Polaron	1	1	0	0	43306	October_19,_2005	No
Edgar181	3	3	0	0	86197	October_14,_2005	Yes
Pepper	49	33	7	9	7873	March_1,_2009	No
JzG	1	1	0	0	65555	January_6,_2006	Yes
DisillusionedBitterAndKnackered	1	1	0	0	8237	June_30,_2008	No
Nirvana888	1	1	0	0	3881	July_5,_2008	No
Tony1	5	4	0	1	62814	July_14,_2005	No
Bearian	45	40	3	2	42638	February_7,_2007	Yes
EyeSerene	15	10	4	1	18337	September_11,_2006	Yes
Brain_Before_Life	1	0	1	0	25	January_14,_2011	No
Sbharris	1	1	0	0	26215	November_13,_2005	No
Unionhawk	14	9	3	2	8554	March_21,_2007	No
Saebvn	11	4	6	1	1230	September_3,_2010	No
Paul_Erik	27	21	4	2	29514	January_14,_2007	Yes
Avenue	2	1	1	0	22154	November_12,_2004	No
Firsfron	1	1	0	0	71334	December_28,_2004	Yes
Lankiveil	26	20	4	2	16443	August_12,_2004	Yes
Corruptcopper	1	1	0	0	1719	December_27,_2008	No
Flaming	1	0	0	1	3414	September_30,_2007	No
Agathoclea	1	1	0	0	19579	January_27,_2006	Yes
M.K	2	0	0	2	12812	April_18,_2006	No
David_Ludwig	1	1	0	0	551	October_23,_2005	No
Cocytus	8	7	1	0	7431	September_7,_2006	No
Kotra	1	1	0	0	8821	November_22,_2005	Yes
Ericorbit	2	2	0	0	50249	June_1,_2005	Yes
Dayewalker	1	1	0	0	12063	May_18,_2008	No
Likeminas	4	3	1	0	2607	October_3,_2007	No
NerdyScienceDude	114	78	15	21	15507	December_3,_2009	No
Jayen466	6	5	0	1	33443	April_18,_2006	No
Parker1297	1	1	0	0	822	December_7,_2008	No
MBisanz	3	3	0	0	89326	July_21,_2005	Yes
MESJ	1	0	1	0	8	June_17,_2010	No
Yamamoto_Ichiro	1	1	0	0	46410	March_30,_2005	Yes
Redvers	1	1	0	0	29889	December_6,_2004	Yes
NuclearWarfare	31	21	8	2	72503	October_30,_2007	Yes
RexxS	16	16	0	0	10614	January_3,_2008	No
Rettetast	1	1	0	0	153153	September_18,_2006	Yes
SarekOfVulcan	30	18	8	4	30614	March_30,_2004	Yes
Bibliomaniac15	5	5	0	0	23420	September_5,_2005	Yes
Tbhotch	1	0	1	0	62478	October_18,_2009	No
BOZ	4	1	1	2	28081	February_2,_2006	Yes
Sgeureka	2	2	0	0	27818	January_16,_2007	Yes
SoCalSuperEagle	7	4	3	0	11113	December_5,_2006	No
Ironholds	19	15	4	0	61983	April_2,_2008	Yes
Daniel	3	2	1	0	49898	May_26,_2006	Yes
Buggie111	17	13	0	4	4647	November_30,_2009	No
Spitfire	4	3	1	0	26746	January_14,_2008	No
Tesscass	1	1	0	0	16106	December_23,_2006	No
Seb_az86556	2	2	0	0	27137	February_4,_2007	No
Xymmax	6	6	0	0	8408	April_20,_2007	Yes
Herostratus	9	9	0	0	21626	September_22,_2005	No
Mono	15	2	11	2	17068	September_24,_2009	No
Camw	3	2	1	0	24282	January_2,_2005	Yes
Goodmorningworld	1	1	0	0	2722	July_18,_2008	No
Equazcion	1	0	1	0	28242	December_18,_2006	No
Orphan_Wiki	52	50	2	0	12224	December_28,_2009	No
Jamesooders	1	1	0	0	3745	April_15,_2009	No
Moonriddengirl	9	9	0	0	97653	April_20,_2007	Yes
Jay-Sebastos	3	3	0	0	3878	June_17,_2010	No
TeaDrinker	1	1	0	0	21479	November_17,_2005	Yes
Khfan93	1	1	0	0	3465	October_26,_2005	No
Skier_Dude	4	2	0	2	230444	October_31,_2006	Yes
Gonzonoir	24	18	3	3	13708	January_16,_2008	Yes
Ruslik0	4	4	0	0	27907	March_23,_2006	Yes
Brandon	1	1	0	0	20107	November_11,_2005	Yes
Minimac	116	73	30	13	17884	October_23,_2009	No
Gimme_danger	8	5	3	0	20749	June_21,_2006	No
Qrsdogg	4	4	0	0	3554	February_8,_2010	No
Rschen7754	4	1	3	0	52433	March_13,_2005	Yes
SuperMarioMan	1	1	0	0	4507	September_22,_2006	No
TC3132011	1	1	0	0	4	March_13,_2011	No
Starblind	16	10	6	0	14637	December_28,_2004	Yes
King_of_Hearts	38	30	3	5	40569	May_5,_2005	Yes
Ultraexactzz	21	15	4	2	19398	December_22,_2005	Yes
HuskyHuskie	1	1	0	0	3784	February_2,_2007	No
Stevenmitchell	1	1	0	0	8495	January_13,_2006	No
DrKiernan	1	0	0	1	27261	October_3,_2006	Yes
Peteforsyth	2	2	0	0	18187	January_2,_2006	Yes
SatuSuro	1	0	0	1	76576	May_25,_2005	No
TheFeds	1	1	0	0	4966	November_14,_2008	No
Fumitol	1	1	0	0	3590	July_3,_2009	No
Claritas	4	2	2	0	6601	April_18,_2010	No
AlexandrDmitri	32	30	1	1	6052	January_19,_2009	Yes
Jayron32	1	1	0	0	37128	June_16,_2006	Yes
ZooPro	3	3	0	0	4661	May_4,_2009	No
Andromedabluesphere440	41	32	1	8	1428	February_1,_2010	No
TransporterMan	1	1	0	0	6213	August_4,_2007	No
DarkJak495	1	1	0	0	183	January_29,_2011	No
Jmlk17	26	21	5	0	35455	December_9,_2005	Yes
Sharkface217	5	5	0	0	9410	May_9,_2005	No
Vipinhari	11	10	1	0	14788	May_7,_2008	No
Swarm	48	34	13	1	7279	June_9,_2008	No
N419BH	3	2	1	0	7540	January_15,_2009	No
Paralympiakos	10	3	4	3	14613	September_23,_2009	No
Giangian15	2	0	2	0	974	January_30,_2008	No
Smallman12q	6	5	1	0	11781	January_17,_2009	No
SandyGeorgia	24	11	11	2	127162	February_3,_2006	No
KimDabelsteinPetersen	1	0	1	0	15266	May_11,_2006	No
Chowbok	1	0	1	0	37650	March_23,_2004	No
Gray62	1	1	0	0	898	September_7,_2005	No
Jeffwang16	4	2	1	1	237	November_9,_2008	No
ArcAngel	17	4	13	0	11786	September_24,_2006	No
Anetode	1	1	0	0	24925	July_22,_2005	Yes
Synergy	2	2	0	0	21777	April_22,_2006	No
Zhou_Yu	1	1	0	0	24137	December_30,_2008	No
JPG-GR	1	1	0	0	44327	August_9,_2006	Yes
Alison	3	3	0	0	39395	February_16,_2004	Yes
Patar_knight	16	14	1	1	8860	September_25,_2006	Yes
Montanabw	2	2	0	0	33196	March_31,_2006	No
Literaturegeek	11	9	2	0	22226	July_3,_2007	No
Addshore	1	1	0	0	41724	December_6,_2005	Yes
Jbmurray	1	0	0	1	17658	May_1,_2007	Yes
Jamesofur	4	4	0	0	4291	January_23,_2007	Yes
Neutron	1	1	0	0	1991	July_5,_2005	No
PeterSymonds	13	12	1	0	28775	December_6,_2005	Yes
Andy_Dingley	1	1	0	0	30822	March_15,_2007	No
Ancient_Apparition	73	57	12	4	8654	November_9,_2007	No
Lar	4	4	0	0	28658	June_8,_2005	Yes
FeydHuxtable	34	33	1	0	2452	August_23,_2008	No
Candlewicke	5	5	0	0	51431	October_1,_2006	No
RoyBoy	1	1	0	0	37794	October_20,_2004	Yes
Grondemar	15	13	2	0	8339	December_13,_2009	Yes
Lord_Roem	13	11	2	0	1590	December_26,_2010	No
Tavix	1	1	0	0	10349	February_3,_2007	No
SpikeToronto	2	2	0	0	16344	October_22,_2007	No
Frcm1988	1	1	0	0	5632	July_18,_2007	No
Giftiger_wunsch	3	1	1	1	12651	March_31,_2008	No
Shimeru	16	11	2	3	7161	December_18,_2004	Yes
Narthring	2	2	0	0	5981	October_30,_2008	No
Sir_Nicholas_de_Mimsy-Porpington	1	1	0	0	13546	January_26,_2006	Yes
Esoglou	1	1	0	0	6788	December_23,_2009	No
Bigger_digger	3	3	0	0	3348	January_19,_2009	No
Edison	1	1	0	0	38133	March_1,_2005	Yes
Soundvisions1	1	0	0	1	10241	November_6,_2007	No
Reach_Out_to_the_Truth	5	4	0	1	19218	November_4,_2009	No
NonvocalScream	1	0	1	0	3700	February_19,_2008	No
Heimstern	4	3	1	0	14828	January_18,_2006	Yes
Elvey	1	0	1	0	2747	February_21,_2005	No
R'n'B	2	2	0	0	154493	October_1,_2006	Yes
Next-Genn-Gamer	1	1	0	0	10921	March_18,_2008	No
Jfdwolff	1	1	0	0	65800	February_24,_2004	Yes
Pilif12p	31	21	9	1	3205	October_20,_2008	No
Alansohn	4	3	1	0	358835	May_23,_2005	No
Little_Mountain_5	5	5	0	0	18022	January_28,_2008	No
Onorem	1	0	0	1	44621	July_20,_2006	No
Ajbpearce	3	2	0	1	1602	January_11,_2009	No
Bulldog123	2	2	0	0	5145	December_27,_2005	No
A_Stop_at_Willoughby	10	9	0	1	5861	July_14,_2008	No
Gfoley4	27	24	3	0	24462	February_18,_2010	Yes
Trusilver	9	9	0	0	32151	October_13,_2006	No
Puffin	2	2	0	0	3709	August_4,_2010	No
Wizardman	59	51	5	3	129177	March_9,_2006	Yes
Stanistani	5	5	0	0	1040	September_1,_2006	No
GJGardner	2	2	0	0	389	May_11,_2010	No
SunCreator	19	15	3	1	32563	October_25,_2007	No
Aiken_drum	67	50	15	2	7241	September_28,_2009	No
Ret.Prof	75	68	7	0	8497	June_5,_2008	No
Diannaa	3	3	0	0	34024	October_8,_2009	Yes
IShadowed	12	9	3	0	5078	January_11,_2009	No
Pacific_1818	2	2	0	0	301	October_3,_2009	No
KeptSouth	6	4	2	0	7433	October_22,_2009	No
Nations_United	1	1	0	0	507	January_29,_2010	No
Torinir	2	1	1	0	1266	May_20,_2006	No
Hawkeye7	8	8	0	0	16100	June_19,_2005	Yes
Hchc2009	1	1	0	0	12067	April_28,_2009	No
Bongomatic	1	1	0	0	14077	October_4,_2006	No
Novice7	9	9	0	0	11032	April_21,_2008	No
TaerkastUA	1	0	1	0	9487	June_23,_2007	No
Llywrch	2	2	0	0	48472	October_24,_2002	Yes
Resident_Mario	6	5	0	1	11841	December_9,_2008	No
Netalarm	7	6	1	0	16696	January_2,_2008	No
Mrmewe	1	1	0	0	303	October_18,_2005	No
Spencer	3	3	0	0	23442	January_29,_2007	Yes
Parrot_of_Doom	10	3	6	1	30944	December_25,_2005	No
EdChem	2	1	1	0	4567	January_4,_2008	No
EngineerFromVega	2	2	0	0	116	November_3,_2009	No
Everyking	1	1	0	0	129121	February_13,_2004	Yes
DeltaQuad	18	8	6	4	10491	November_7,_2007	No
<placeholder>	1	0	0	1	298506	February_16,_2008	Yes
S9	1	1	0	0	10	November_30,_2009	No
Cirt	48	13	35	0	134878	September_22,_2007	Yes
GamerPro64	2	2	0	0	5035	July_15,_2008	No
Mm40	2	2	0	0	10120	February_10,_2008	No
Traxs7	2	2	0	0	6891	March_30,_2010	No
ZooFari	1	0	1	0	35334	February_12,_2008	No
Thingg	4	4	0	0	69311	December_1,_2007	Yes
Train2104	1	1	0	0	11563	August_16,_2009	No
Aqwis	1	0	1	0	5597	October_21,_2006	Yes
AlexiusHoratius	21	21	0	0	45814	September_23,_2006	Yes
Sceptre	2	2	0	0	65349	May_21,_2005	No
TheClerksWell	1	1	0	0	638	December_30,_2009	No
Looie496	1	1	0	0	13206	April_15,_2008	No
Paulmnguyen	1	1	0	0	1506	January_23,_2008	No
Barras	2	2	0	0	2161	July_10,_2009	No
Elen_of_the_Roads	20	13	5	2	10189	May_11,_2008	Yes
Derild4921	33	24	4	5	6447	October_23,_2009	No
Yoenit	1	1	0	0	7381	March_13,_2008	No
Sj	2	2	0	0	16281	January_19,_2004	Yes
Wayne_Slam	52	45	7	0	42237	May_29,_2010	No
Royalbroil	14	14	0	0	42119	June_16,_2005	Yes
Korruski	14	7	7	0	1823	July_22,_2010	No
Cmadler	1	1	0	0	9282	April_27,_2005	No
Jmh649	6	6	0	0	39542	July_6,_2008	Yes
DGaw	1	1	0	0	1397	August_14,_2005	No
WillowW	1	1	0	0	29654	April_11,_2006	No
Aircorn	1	1	0	0	4223	December_10,_2009	No
SluggoOne	11	4	7	0	4394	June_23,_2005	No
Hoo_man	1	1	0	0	3560	September_28,_2008	No
Shimgray	1	1	0	0	36767	October_30,_2004	Yes
Kudpung	91	46	29	16	28688	October_18,_2006	Yes
JodyB	2	2	0	0	15310	May_1,_2006	Yes
Arctic_Night	1	1	0	0	6726	May_19,_2009	No
Bubba_hotep	17	14	3	0	32854	August_12,_2006	Yes
GFHandel	2	1	1	0	3611	November_30,_2007	No
Andonic	1	1	0	0	36112	August_21,_2006	Yes
Kim_Dent-Brown	4	4	0	0	7510	August_2,_2006	Yes
Hamiltonstone	4	3	0	1	15374	August_21,_2006	No
Susfele	1	1	0	0	3530	March_25,_2010	No
Arbitrarily0	1	1	0	0	14394	June_2,_2008	Yes
AlioTheFool	1	1	0	0	507	February_27,_2008	No
Sunray	1	0	1	0	25967	November_29,_2003	No
Truthsort	1	0	1	0	1319	April_1,_2010	No
LAAFan	1	1	0	0	6875	April_23,_2008	No
Logan	13	3	10	0	30106	March_14,_2007	No
Mister_sparky	1	1	0	0	12892	July_18,_2008	No
Acps110	16	13	2	1	8417	April_18,_2007	No
Kaldari	1	1	0	0	33365	April_19,_2004	Yes
Edith_Sirius_Lee	1	0	1	0	667	July_25,_2010	No
Atlan	2	0	2	0	6681	August_24,_2002	No
Esuzu	1	1	0	0	2703	January_9,_2009	No
Big_Bird	1	1	0	0	19054	May_30,_2006	No
Peridon	9	7	2	0	15781	May_17,_2008	Yes
RP459	80	59	9	12	7267	February_8,_2008	No
Gavin.collins	1	1	0	0	18502	March_29,_2007	No
Rohedin	3	3	0	0	419	May_27,_2010	No
Binksternet	1	1	0	0	58637	July_28,_2007	No
Peripitus	2	2	0	0	29536	April_24,_2006	Yes
Seth_Kellerman	1	1	0	0	100	March_12,_2010	No
Crossmr	1	0	1	0	17423	April_12,_2006	No
Bali_ultimate	9	2	7	0	11069	October_4,_2008	No
Mlpearc	55	41	12	2	13844	July_18,_2009	No
Noloop	1	0	1	0	2793	March_12,_2009	No
Guettarda	3	2	1	0	40347	August_26,_2004	Yes
Gigs	9	3	6	0	10637	September_25,_2005	No
Hugahoody	5	5	0	0	6380	August_18,_2010	No
Sparklism	1	1	0	0	5324	December_13,_2006	No
Jeepday	1	1	0	0	26610	October_29,_2006	Yes
Kindzmarauli	8	8	0	0	1064	June_7,_2010	No
7	21	19	1	1	32287	December_6,_2007	Yes
Esteffect	17	9	5	3	6281	February_18,_2005	Yes
Pdcook	71	48	14	9	24020	December_5,_2006	No
Rockstone35	1	0	0	1	2143	April_14,_2007	No
Mike411	1	0	1	0	497	June_13,_2005	No
GrapedApe	2	2	0	0	13676	June_9,_2009	No
Angrysockhop	2	2	0	0	2260	June_11,_2008	No
Angusmclellan	5	5	0	0	63199	March_3,_2005	Yes
Zscout370	6	6	0	0	55808	August_9,_2004	Yes
BrownHoner	1	1	0	0	3	November_14,_2010	No
Wotnow	1	1	0	0	3232	August_13,_2009	No
Coemgenus	1	1	0	0	21862	March_6,_2005	No
Townlake	75	18	54	3	2628	March_24,_2007	No
Craftyminion	5	1	4	0	3120	November_11,_2008	No
Atmoz	25	10	14	1	7862	September_21,_2008	No
Floul1	4	2	2	0	1178	April_12,_2008	No
Dekimasu	1	1	0	0	26953	July_30,_2006	Yes
Orderinchaos	3	3	0	0	59986	March_22,_2006	Yes
X!	14	7	6	1	22116	December_16,_2006	Yes
Ace_of_Spades	1	1	0	0	6194	February_5,_2010	No
Graeme_Bartlett	42	26	7	9	38105	January_15,_2004	Yes
Gggh	5	5	0	0	4192	February_19,_2008	No
Faithlessthewonderboy	1	1	0	0	31300	July_17,_2007	Yes
Ryan_White_Jr.	1	1	0	0	118	January_5,_2011	No
Balloonman	15	7	6	2	23368	April_1,_2006	No
Antandrus	4	4	0	0	94550	April_4,_2004	Yes
UncleBubba	2	2	0	0	1394	July_21,_2008	No
High_Contrast	5	5	0	0	858	September_19,_2008	No
Siecor	2	2	0	0	7	March_12,_2011	No
Nsaum75	1	0	1	0	10617	April_27,_2006	No
Rmosler2100	1	1	0	0	6582	October_21,_2005	No
Mike_Cline	12	9	3	0	24715	January_3,_2007	Yes
Moni3	3	3	0	0	24461	July_23,_2006	Yes
Killiondude	1	1	0	0	18182	August_28,_2008	Yes
Aleksa_Lukic	2	2	0	0	845	March_11,_2009	No
Thesevenseas	2	1	1	0	5576	June_24,_2009	No
Useight	6	6	0	0	71347	December_2,_2006	Yes
Hadger	3	3	0	0	3709	September_12,_2009	No
Ryan4314	1	1	0	0	8173	July_19,_2006	No
Martinp	11	8	3	0	912	September_25,_2005	No
Eclipsed	1	1	0	0	5704	July_19,_2005	No
WikiManOne	2	2	0	0	3381	May_5,_2010	No
Gimmetoo	2	1	1	0	4176	April_2,_2010	No
The_C_of_E	1	1	0	0	6478	April_24,_2008	No
Elekhh	3	2	1	0	9025	August_3,_2009	No
AJCham	3	2	0	1	5174	February_1,_2009	No
Kanatonian	1	1	0	0	23359	February_14,_2006	No
Rambo's_Revenge	1	1	0	0	11761	April_3,_2007	Yes
John_KB	1	1	0	0	9472	June_27,_2010	No
Banana04131	18	15	3	0	4003	August_11,_2005	No
Tiptoety	4	2	2	0	41531	May_2,_2007	Yes
MrOllie	1	1	0	0	33968	April_16,_2008	No
Siva1979	6	6	0	0	36208	January_6,_2006	No
MJ94	10	4	6	0	4309	May_29,_2009	No
Suomi_Finland_2009	7	7	0	0	4112	September_8,_2009	No
MC10	107	75	26	6	21182	May_31,_2006	No
MickMacNee	2	0	1	1	22522	October_31,_2007	No
BabbaQ	1	1	0	0	4666	September_15,_2010	No
Sandstein	13	3	9	1	46642	July_31,_2005	Yes
Folantin	1	1	0	0	19245	May_21,_2006	No
Demiurge1000	5	3	2	0	4269	June_11,_2010	No
Tom_Morris	3	3	0	0	5620	February_11,_2006	No
Gavia_immer	1	1	0	0	14768	July_17,_2006	No
Hydroxonium	8	7	1	0	4189	May_19,_2010	No
CycloneGU	1	1	0	0	4238	March_18,_2008	No
Richiez	1	1	0	0	1623	July_8,_2006	No
Aldux	1	1	0	0	22665	July_12,_2005	Yes
Knepflerle	1	1	0	0	4269	August_20,_2007	No
Bencherlite	9	9	0	0	40490	July_22,_2006	Yes
Doh5678	2	2	0	0	597	January_5,_2011	No
The_wub	1	0	1	0	68933	March_24,_2005	Yes
Grsz11	1	1	0	0	20320	March_4,_2007	No
Cymru.lass	4	4	0	0	5891	May_20,_2010	No
Panzertank	1	1	0	0	190	December_6,_2006	No
OlEnglish	69	60	3	6	52044	May_26,_2008	Yes
Pookeo9	2	1	1	0	686	January_19,_2008	No
Maximillion_Pegasus	13	13	0	0	4166	January_30,_2007	No
Bellatrix_Kerrigan	6	6	0	0	970	September_11,_2007	No
Kraftlos	53	20	29	4	12474	November_26,_2006	No
Cynwolfe	1	1	0	0	11706	July_20,_2006	No
Shuki	1	0	0	1	10877	November_24,_2005	No
Fox	37	23	10	4	24087	August_5,_2007	Yes
Xihr	1	0	1	0	8095	June_15,_2005	No
Achromatic	1	0	1	0	674	January_7,_2006	No
Opus_113	1	1	0	0	347	December_26,_2009	No
Panyd	18	9	5	4	6269	October_13,_2007	Yes
SamEV	1	1	0	0	14737	July_22,_2004	No
ScottyBerg	2	1	1	0	6905	January_17,_2010	No
TCO	16	3	11	2	8968	April_8,_2007	No
Andewz111	1	1	0	0	1	May_28,_2010	No
Flightx52	1	1	0	0	2064	July_10,_2010	No
Elockid	12	10	1	1	25336	May_16,_2009	Yes
Steven_Walling	33	29	4	0	37944	August_8,_2006	Yes
Dank	66	56	7	3	40961	December_7,_2007	Yes
Bukrafil	1	0	1	0	27	January_19,_2011	No
Oxguy3	1	1	0	0	2895	October_17,_2006	No
Wouterstomp	1	1	0	0	8344	October_31,_2004	Yes
Harout72	1	1	0	0	11866	May_31,_2007	No
Mahewa	1	1	0	0	1005	October_25,_2006	No
CapitalR	3	3	0	0	41136	February_25,_2006	Yes
Icestorm815	1	1	0	0	10343	January_14,_2007	Yes
Steve	2	2	0	0	17166	July_13,_2007	Yes
Donald_Schroeder_JWH018	1	0	1	0	311	June_28,_2010	No
Keegan	14	13	0	1	12751	October_26,_2005	Yes
NVO	1	1	0	0	11561	January_20,_2007	No
Off2riorob	22	14	6	2	60722	December_4,_2008	No
Wexcan	1	1	0	0	2368	March_25,_2007	No
Doncram	1	1	0	0	85499	July_20,_2005	No
Sulmues	9	5	4	0	22787	April_24,_2008	No
Dffgd	1	1	0	0	3924	April_25,_2010	No
RHM22	1	1	0	0	3729	February_22,_2010	No
Latebird	1	1	0	0	9454	December_22,_2005	No
PhilKnight	45	42	3	0	72923	July_17,_2006	Yes
Nsk92	35	23	10	2	14310	August_20,_2007	No
Betsythedevine	1	1	0	0	3712	February_10,_2005	No
MGA73	1	1	0	0	4063	November_29,_2008	Yes
Auger_Martel	2	0	2	0	1500	April_3,_2006	No
ImperfectlyInformed	3	2	1	0	8205	August_16,_2007	No
Xxanthippe	2	0	2	0	5497	April_17,_2006	No
Davidruben	1	1	0	0	18854	September_7,_2004	Yes
Frozen_Wind	1	1	0	0	304	September_30,_2010	No
Wackywace	5	4	0	1	8961	April_10,_2010	No
Drmies	28	21	6	1	67731	August_30,_2007	No
Frickative	1	1	0	0	16171	April_22,_2005	No
AfD_hero	5	2	3	0	361	May_22,_2008	No
UniversitySchool08	1	1	0	0	67	January_21,_2008	No
*Kat*	1	1	0	0	5213	November_23,_2004	No
Nick_Wilson	3	2	1	0	1155	April_14,_2006	No
CactusWriter	4	4	0	0	16326	April_11,_2008	Yes
Yousou	1	1	0	0	2817	March_5,_2008	No
Sphilbrick	22	15	5	2	17082	October_14,_2008	Yes
Racepacket	3	2	1	0	15050	September_13,_2006	No
Xcalizorz	2	2	0	0	312	August_17,_2010	No
Chester_Markel	1	0	1	0	599	December_6,_2010	No
Nancy	1	1	0	0	22632	June_4,_2007	Yes
Garlikguy2	1	1	0	0	93	January_16,_2011	No
Leevanjackson	1	1	0	0	6332	March_21,_2006	No
Tofutwitch11	50	26	18	6	5008	September_1,_2009	No
ScienceApologist	3	1	2	0	0	Unknown	Unknown
Alzarian16	31	27	2	2	7555	November_24,_2009	No
Multichill	1	1	0	0	5300	December_21,_2006	No
Airplaneman	109	91	4	14	36545	February_20,_2008	Yes
Daicaregos	1	1	0	0	11145	April_21,_2008	No
Tenmei	2	2	0	0	52490	April_2,_2007	No
Girlwithgreeneyes	4	4	0	0	2084	April_3,_2009	No
JuneGloom07	11	10	1	0	15927	January_3,_2007	No
Timothymarskell	1	1	0	0	283	August_18,_2010	No
Kbrose	1	1	0	0	11467	March_25,_2007	No
Doc_Quintana	61	34	14	13	5659	September_16,_2009	No
Wolfkeeper	1	0	1	0	31832	February_3,_2004	No
Harej	4	3	0	1	16001	November_26,_2004	Yes
Kwamikagami	1	0	1	0	140153	August_12,_2004	Yes
Vianello	1	1	0	0	14513	February_11,_2008	Yes
MoRsE	1	1	0	0	12356	May_4,_2005	Yes
JayHenry	3	3	0	0	12956	March_3,_2006	No
Brambleclawx	11	11	0	0	9410	October_24,_2009	No
The_Rambling_Man	3	3	0	0	67309	May_30,_2005	Yes
TheRasIsBack	1	1	0	0	470	February_24,_2010	No
Nolelover	26	18	2	6	5097	October_30,_2008	No
Sailsbystars	2	2	0	0	3659	July_26,_2010	No
BarretBonden	1	1	0	0	15775	January_9,_2008	No
Narson	1	0	1	0	5198	September_18,_2005	No
Anna_Frodesiak	1	1	0	0	21247	November_16,_2008	No
Dr.K.	2	2	0	0	36025	February_7,_2006	No
Aaron_Brenneman	1	1	0	0	18355	July_5,_2005	Yes
Lord_Pistachio	4	3	1	0	6218	October_31,_2004	No
Frank	10	7	3	0	16799	May_21,_2006	Yes
Jenks24	6	5	1	0	11655	April_9,_2010	No
Someone65	6	3	3	0	3469	June_9,_2010	No
Matthewrbowker	4	4	0	0	3298	August_31,_2010	No
7_2	1	1	0	0	0	Unknown	Unknown
Leyo	18	11	5	2	4214	September_25,_2006	Yes
Jack1956	1	1	0	0	32935	May_16,_2007	No
Sokac121	11	10	0	1	469	May_20,_2009	No
DARTH_SIDIOUS_2	46	40	3	3	45185	May_27,_2010	No
Raeky	1	1	0	0	7412	December_14,_2003	No
MBK004	3	2	1	0	72668	July_22,_2007	Yes
Avraham	4	3	1	0	42202	July_27,_2005	Yes
Kubigula	8	7	0	1	37805	May_17,_2006	Yes
NeilN	1	1	0	0	35795	August_30,_2005	No
Hekerui	1	1	0	0	24206	August_13,_2006	No
AussieLegend	1	1	0	0	44002	November_27,_2005	No
JoshuaZ	5	4	1	0	30756	January_19,_2006	No
Kablammo	6	4	2	0	20230	May_13,_2006	No
<placeholder>	44	27	13	4	82424	April_29,_2008	No
Esprqii	1	1	0	0	13316	August_7,_2006	No
Bilby	4	2	2	0	12343	March_27,_2007	No
Decltype	21	13	6	2	19375	December_18,_2005	Yes
Mjroots	15	12	2	1	81915	August_31,_2005	Yes
Modernist	45	42	3	0	59917	June_20,_2006	No
Kenrick95	1	1	0	0	447	June_1,_2009	No
DustFormsWords	11	10	1	0	8364	November_11,_2008	No
Deskana	4	4	0	0	18498	June_24,_2005	Yes
Monterey_Bay	18	17	0	1	1292	May_22,_2010	No
Cargoking	1	1	0	0	7939	March_23,_2009	No
France3470	1	1	0	0	3618	April_29,_2007	No
Luke_Warmwater101	1	0	1	0	1250	March_14,_2009	No
Xurtio	1	1	0	0	511	July_26,_2010	No
TharsHammar	1	0	1	0	1678	March_2,_2009	No
Khoikhoi	1	1	0	0	71528	December_9,_2005	Yes
Grandmasterka	2	2	0	0	12195	November_13,_2005	Yes
Xanthoxyl	1	1	0	0	2410	March_28,_2006	No
Forty_two	5	4	1	0	2658	February_27,_2010	No
Abductive	3	2	1	0	17511	May_19,_2009	No
ATren	1	1	0	0	6242	January_30,_2006	No
Techman224	2	2	0	0	10323	May_26,_2007	No
Ohconfucius	6	5	1	0	83268	December_30,_2005	No
DollyD	2	2	0	0	339	January_7,_2006	No
AerobicFox	3	1	2	0	1709	December_8,_2010	No
Truthkeeper88	13	10	3	0	19658	July_2,_2008	No
Ealdgyth	5	5	0	0	59188	May_27,_2007	No
AndrewN	4	3	1	0	2942	May_19,_2010	No
Matthewedwards	1	1	0	0	19137	May_11,_2007	Yes
Bydand	9	2	6	1	7985	January_14,_2006	No
Chase_me_ladies,_I'm_the_Cavalry	6	4	2	0	28379	August_7,_2005	Yes
Cunard	3	1	2	0	22923	February_29,_2008	No
Pol430	22	12	8	2	7506	December_27,_2008	No
Anticipator	1	1	0	0	331	March_12,_2009	No
Favonian	1	1	0	0	87986	April_30,_2008	Yes
Sunderland06	1	1	0	0	10910	November_16,_2006	No
Gerda_Arendt	1	1	0	0	17310	August_2,_2009	No
America69	1	1	0	0	6192	November_5,_2007	No
Dreadstar	13	11	2	0	44287	December_21,_2005	Yes
My76Strat	13	10	2	1	10522	March_24,_2010	No
Spartaz	13	7	4	2	21823	June_24,_2006	Yes
Shubinator	2	2	0	0	13860	January_7,_2009	Yes
Kralizec!	2	1	1	0	33281	March_1,_2005	Yes
Viriditas	1	0	1	0	100154	August_15,_2004	No
GrahamColm	10	6	4	0	12819	May_7,_2007	Yes
GyroMagician	1	1	0	0	2122	April_6,_2008	No
Bzuk	1	0	0	1	41994	July_17,_2006	No
OhanaUnited	4	3	0	1	16034	July_18,_2006	Yes
Fetchcomms	135	75	43	17	38060	October_2,_2009	Yes
95j	2	1	1	0	1594	June_3,_2009	No
IGeMiNix	9	5	3	1	5582	June_26,_2010	No
Waterfox	5	5	0	0	1426	April_25,_2010	No
Milowent	6	6	0	0	12772	March_23,_2007	No
Cannonbolt2	1	1	0	0	768	July_3,_2009	No
WLU	2	2	0	0	44635	August_30,_2006	No
Ceoil	10	10	0	0	46018	April_1,_2006	No
Argyle_4_Life	2	2	0	0	6619	September_25,_2007	No
JamesBWatson	20	9	11	0	52906	August_11,_2006	Yes
SuperHamster	6	5	1	0	16752	September_3,_2007	No
Cardamon	3	1	2	0	1961	August_19,_2006	No
The_Bushranger	1	1	0	0	22764	June_11,_2008	Yes
Porchcrop	1	1	0	0	5184	December_17,_2007	No
Eddie6705	1	1	0	0	5556	January_6,_2007	No
Guerillero	17	12	4	1	5356	November_6,_2009	No
Anythingyouwant	1	1	0	0	36282	April_29,_2004	No
Codf1977	10	8	2	0	11492	August_6,_2009	No
Beria	1	1	0	0	414	January_9,_2008	No
Avenged_Eightfold	8	3	4	1	15720	July_28,_2007	No
JoJo	2	2	0	0	375	July_19,_2008	No
Skinny87	6	3	3	0	11202	May_24,_2007	No
Noommos	1	1	0	0	2353	January_29,_2010	No
Chesdovi	1	0	1	0	14124	August_9,_2006	No
Malik_Shabazz	2	2	0	0	50044	December_18,_2006	Yes
Lil-unique1	2	1	1	0	31987	November_19,_2008	No
Jarkeld	18	12	6	0	9727	February_18,_2007	No
Jujutacular	16	16	0	0	13911	July_6,_2009	Yes
Ronhjones	45	31	13	1	66672	March_29,_2008	Yes
Extransit	8	7	1	0	14723	October_12,_2006	No
Tide_rolls	41	38	0	3	169950	May_23,_2008	Yes
Manning_Bartlett	2	2	0	0	5825	September_24,_2001	Yes
Titoxd	1	1	0	0	40507	April_2,_2005	Yes
Garrondo	2	2	0	0	9432	January_23,_2007	No
Armbrust	20	11	9	0	67611	December_3,_2008	No
Skinwalker	7	4	3	0	2307	August_27,_2005	No
Jafeluv	15	12	3	0	22957	March_11,_2008	Yes
FT2	1	1	0	0	42812	July_11,_2004	Yes
Rami_R	6	3	2	1	4711	August_6,_2006	Yes
Snowolf	2	0	2	0	46930	November_14,_2004	Yes
Buster7	1	1	0	0	14486	May_2,_2008	No
Lawrencekhoo	3	3	0	0	13344	December_9,_2005	No
Guoguo12	8	5	3	0	8900	March_14,_2008	No
ArieScheurwater	1	1	0	0	1455	October_27,_2008	No
ErikHaugen	21	13	8	0	6883	March_25,_2005	Yes
Orfen	2	2	0	0	4670	July_8,_2006	No
Alanraywiki	1	1	0	0	15096	October_9,_2006	No
Occuli	2	1	1	0	15835	May_23,_2007	No
GorillaWarfare	8	3	5	0	12370	July_28,_2007	Yes
Waldir	1	1	0	0	12171	February_2,_2005	Yes
Morgankevinj	1	1	0	0	1801	July_6,_2010	No
Sven_Manguard	44	20	18	6	13263	September_19,_2010	No
JimMillerJr	7	4	3	0	5104	June_13,_2006	No
1234r00t	16	14	2	0	4332	May_4,_2010	No
Wildhartlivie	1	1	0	0	55910	July_22,_2006	No
Download	7	4	3	0	30442	April_17,_2008	No
Themfromspace	35	30	5	0	27304	June_20,_2008	No
Sluzzelin	2	2	0	0	18142	July_9,_2006	No
Ezhiki	1	1	0	0	87011	March_1,_2004	Yes
Malcolmxl5	2	2	0	0	59930	April_9,_2007	Yes
Nick	3	2	1	0	16523	July_17,_2005	Yes
Pcap	8	4	4	0	18480	July_3,_2008	No
Perseus,_Son_of_Zeus	17	14	2	1	3203	July_8,_2010	No
Aervanath	1	1	0	0	12219	November_10,_2006	Yes
7OA	2	2	0	0	391	December_18,_2008	No
Breawycker	4	4	0	0	2206	September_1,_2008	No
Crazycomputers	1	1	0	0	12241	May_19,_2005	Yes
Cornucopia	2	2	0	0	8330	February_24,_2008	No
PiRSquared17	1	1	0	0	876	August_10,_2009	No
Forever_Dusk	7	3	4	0	1210	September_12,_2010	No
Gun_Powder_Ma	1	1	0	0	12271	September_3,_2006	No
The_High_Fin_Sperm_Whale	39	33	3	3	14040	October_9,_2008	No
Editorofthewiki	9	5	4	0	20196	January_3,_2008	No
MichaelQSchmidt	14	12	1	1	29418	January_10,_2008	No
Kanonkas	4	4	0	0	9599	July_8,_2007	Yes
Triona	9	8	1	0	8006	August_19,_2004	No
Jiujitsuguy	1	0	1	0	3453	September_1,_2009	No
Hans_Adler	2	0	2	0	20620	November_8,_2007	No
Katerenka	4	4	0	0	2978	September_22,_2009	No
Malleus_Fatuorum	40	12	27	1	101751	June_3,_2006	No
Solenodon	1	1	0	0	167	August_2,_2008	No
Parent5446	1	0	1	0	7744	October_24,_2006	No
Pantherskin	3	1	2	0	1001	July_31,_2009	No
Plutonium27	30	13	14	3	3589	February_21,_2007	No
Haploidavey	1	1	0	0	16614	February_2,_2009	No
Becksguy	1	1	0	0	4335	February_28,_2007	No
KFP	1	1	0	0	9805	April_23,_2005	Yes
Nn123645	1	0	1	0	9963	June_27,_2007	No
Snottywong	39	20	18	1	8572	March_17,_2007	No
Bart133	2	1	1	0	19445	November_13,_2004	No
Clayoquot	1	1	0	0	11483	May_3,_2006	No
RashersTierney	1	1	0	0	13065	August_18,_2007	No
Nathan	3	1	2	0	12493	May_8,_2007	No
A_little_insignificant	1	1	0	0	9444	April_17,_2009	No
LindsayH	4	3	1	0	10124	June_22,_2006	No
J_Milburn	3	3	0	0	85561	March_10,_2006	Yes
WereSpielChequers	69	55	14	0	84860	April_9,_2007	Yes
AniMate	33	23	10	0	12985	April_9,_2006	Yes
John_Vandenberg	4	3	1	0	49556	September_5,_2004	Yes
Allmightyduck	18	16	2	0	6211	June_15,_2007	No
DragonflySixtyseven	8	5	3	0	35724	April_22,_2004	Yes
Beetstra	6	2	1	3	100780	March_19,_2006	Yes
AnemoneProjectors	2	2	0	0	91422	June_11,_2006	Yes
Aaroncrick	7	7	0	0	15903	June_12,_2008	No
JamieS93	8	8	0	0	17477	November_5,_2007	Yes
Reyk	46	37	4	5	14054	September_5,_2005	No
Vodello	40	8	31	1	3536	June_5,_2006	No
Ottawa4ever	71	53	7	11	7694	November_21,_2007	No
Caden	1	1	0	0	4063	March_6,_2008	No
Swatjester	2	1	1	0	18139	January_4,_2006	Yes
Jusdafax	76	52	24	0	52904	October_8,_2007	No
Daniel_J._Leivick	1	1	0	0	17667	April_20,_2006	Yes
J04n	9	9	0	0	60676	December_3,_2008	Yes
Roger_Davies	2	2	0	0	27402	September_17,_2005	Yes
Salix_alba	1	0	1	0	14089	March_15,_2005	Yes
Rich_Farmbrough	4	4	0	0	881682	May_2,_2004	Yes
Reconsider_the_static	5	1	2	2	14483	July_16,_2009	No
Yanksox	1	1	0	0	12350	February_5,_2006	No
LadyofShalott	1	1	0	0	25438	February_26,_2006	Yes
Shereth	1	1	0	0	10607	October_16,_2004	Yes
Quantpole	2	1	1	0	6669	March_13,_2007	No
Bahamut0013	2	1	1	0	20915	February_28,_2007	No
Eraserhead1	6	6	0	0	14952	May_21,_2005	No
NHRHS2010	1	1	0	0	19955	March_19,_2007	No
Kicking222	2	1	1	0	8276	September_27,_2005	Yes
The_Thing_That_Should_Not_Be	27	22	4	1	167531	August_5,_2007	No
Acroterion	4	4	0	0	84507	July_22,_2006	Yes
Hammersoft	9	7	2	0	26382	March_22,_2007	No
Vyvyan_Ade_Basterd	2	2	0	0	1067	March_27,_2009	No
Extra999	2	2	0	0	6261	September_15,_2009	No
Philcha	1	1	0	0	21536	October_5,_2006	No
Morbidthoughts	1	0	1	0	12054	September_8,_2007	No
Michig	7	4	0	3	28885	July_12,_2006	Yes
Bishonen	5	5	0	0	25189	July_10,_2004	Yes
Blurpeace	5	4	1	0	6476	January_31,_2008	Yes
Mikhailov_Kusserow	36	36	0	0	9903	November_30,_2007	No
AustralianRupert	2	2	0	0	28810	January_15,_2009	No
Deor	3	3	0	0	43042	December_14,_2006	No
Pgallert	18	9	7	2	5740	February_5,_2008	No
Lukasz_Lukomski	1	1	0	0	652	July_4,_2007	No
Retired_user_0001	3	2	0	1	3164	August_12,_2009	No
Smartse	9	5	3	1	19655	January_4,_2008	Yes
Anthonyhcole	4	4	0	0	7187	April_16,_2006	No
Mattinbgn	3	3	0	0	44368	September_25,_2006	Yes
Jeanne_boleyn	1	1	0	0	64982	April_2,_2008	No
Voceditenore	1	1	0	0	36631	January_25,_2006	No
Pablo_X	4	3	1	0	17466	August_24,_2004	No
WJBscribe	4	1	2	1	36147	November_20,_2006	Yes
AnmaFinotera	2	1	1	0	107494	February_1,_2005	No
Jebus989	14	7	7	0	4151	April_18,_2008	No
Nomader	18	13	5	0	4199	March_2,_2006	No
The_silent_gnome	1	0	1	0	26	November_11,_2010	No
Crohnie	1	1	0	0	11927	January_20,_2007	No
Nlu	1	1	0	0	102026	July_26,_2005	Yes
Piotrus	1	1	0	0	116184	April_10,_2004	No
Zalgo	6	5	1	0	7492	May_1,_2006	No
BigDom	49	32	17	0	14725	July_19,_2006	Yes
Bobrayner	41	31	5	5	11579	December_23,_2004	No
TurquoiseThreads	1	0	0	1	108	May_23,_2010	No
Acer	3	3	0	0	2845	August_19,_2005	No
WOSlinker	3	2	1	0	178403	December_31,_2006	Yes
Wehwalt	36	25	7	4	52650	September_26,_2005	Yes
MelbourneStar1	2	2	0	0	1493	December_17,_2010	No
The_Earwig	3	3	0	0	10961	July_3,_2008	Yes
Laurinavicius	31	26	5	0	15150	April_23,_2008	No
DGG	37	20	16	1	85073	September_5,_2006	Yes
Bovineboy2008	1	1	0	0	67580	December_26,_2006	No
Oddbodz	1	1	0	0	617	March_15,_2011	No
Nihonjoe	4	3	1	0	83469	September_21,_2005	Yes
Amatulic	8	4	2	2	16936	January_21,_2006	Yes
S_h_i_v_a_(Visnu)	8	7	1	0	6469	October_19,_2008	No
Efcmagnew	2	2	0	0	361	December_30,_2009	No
Department_of_Redundancy_Department	17	16	1	0	3510	December_29,_2009	Yes
TomStar81	2	2	0	0	26752	September_3,_2004	Yes
RayAYang	26	20	6	0	16058	June_1,_2008	No
Shanata	1	1	0	0	775	February_12,_2007	No
Ajraddatz	51	39	10	2	7423	January_12,_2010	No
Anthony_bradbury	28	19	7	2	19071	April_2,_2006	Yes
MVOO	1	1	0	0	164	July_14,_2010	No
Mr.Z-man	9	3	5	1	26373	December_7,_2005	Yes
ResidentAnthropologist	12	5	6	1	5225	September_17,_2010	No
Mike_Searson	2	0	2	0	15167	August_20,_2006	No
Peter	5	5	0	0	10506	August_19,_2005	Yes
Sjones23	5	4	1	0	24854	December_28,_2006	No
Chris_G	1	1	0	0	19108	September_22,_2006	Yes
Valley2city	10	9	1	0	8990	November_23,_2005	Yes
<placeholder>	63	49	12	2	9168	September_22,_2007	No
Deadkid_dk	1	1	0	0	15352	December_13,_2005	No
Wifione	47	37	8	2	10208	April_1,_2009	Yes
One	13	8	4	1	9117	September_4,_2005	Yes
Jab843	3	2	1	0	3516	November_1,_2005	No
Bad_edits_r_dumb	1	1	0	0	646	September_14,_2010	No
Turningpointe	1	0	1	0	12	July_26,_2010	No
SirFozzie	2	2	0	0	9527	February_6,_2006	Yes
PMDrive1061	2	2	0	0	44562	September_24,_2007	Yes
Fbifriday	3	2	1	0	2006	February_18,_2007	No
Sumsum2010	7	6	0	1	6705	January_25,_2010	No
Jayjg	27	22	5	0	92833	January_4,_2003	Yes
Jauerback	1	1	0	0	22183	April_11,_2007	Yes
AtheWeatherman	1	1	0	0	3971	May_5,_2008	No
MSGJ	12	9	3	0	47397	February_9,_2004	Yes
Fly_by_Night	11	4	6	1	5028	January_20,_2010	No
MONGO	5	4	0	1	47479	January_18,_2005	No
ClubOranje	4	3	1	0	14368	December_28,_2007	No
Oakshade	1	0	1	0	11191	November_1,_2006	No
Pharaoh_of_the_Wizards	41	37	4	0	34748	October_3,_2006	No
Tarc	3	2	0	1	11792	March_28,_2005	No
CIS	2	1	1	0	7842	December_31,_2005	No
Harthacnut	3	3	0	0	2134	September_9,_2005	No
Jack_Merridew	10	10	0	0	34837	April_11,_2007	No
Enfcer	3	3	0	0	3771	January_28,_2011	No
Garion96	5	4	1	0	49977	August_25,_2005	Yes
Moxy	3	3	0	0	47291	January_14,_2009	No
RadManCF	17	11	6	0	1346	November_22,_2008	No
Ben_MacDui	5	5	0	0	28095	September_17,_2006	Yes
RifeIdeas	1	0	0	1	3117	October_22,_2010	No
Protector_of_Wiki	3	0	3	0	712	August_19,_2010	No
DD2K	1	1	0	0	3931	December_30,_2007	No
Gonfaloniere	1	1	0	0	124	February_18,_2011	No
SheepNotGoats	1	0	1	0	4945	April_10,_2007	No
TFOWR	32	30	0	2	27123	February_2,_2008	Yes
Yankees10	1	1	0	0	32729	April_30,_2007	No
THF	1	1	0	0	17036	April_13,_2006	No
Floquenbeam	2	1	1	0	7692	August_13,_2008	Yes
Accounting4Taste	8	8	0	0	23079	April_5,_2007	Yes
HJ_Mitchell	101	66	24	11	48315	March_30,_2009	Yes
Count_Iblis	1	1	0	0	6093	November_28,_2004	No
Cuchullain	1	1	0	0	43379	February_20,_2005	Yes
Future_Perfect_at_Sunrise	1	1	0	0	41275	April_8,_2006	Yes
Someone_another	2	1	1	0	7669	October_7,_2007	No
Sp33dyphil	1	1	0	0	9186	February_11,_2010	No
Thenub314	1	0	1	0	1711	July_12,_2006	No
SMasters	11	11	0	0	42447	January_22,_2006	No
Ginbot86	5	4	1	0	2232	December_28,_2007	No
Pseudo-Richard	1	1	0	0	23512	March_26,_2006	No
Imzadi1979	1	1	0	0	39215	October_10,_2005	No
Kmhkmh	1	0	1	0	4726	February_18,_2007	No
Don4of4	1	1	0	0	638	September_30,_2008	No
Spike_Wilbury	1	1	0	0	11514	February_22,_2006	Yes
GB_fan	34	28	5	1	35994	October_3,_2008	No
Ponyo	17	17	0	0	25265	March_28,_2007	Yes
Lambanog	15	8	2	5	3108	October_4,_2009	No
Axl	81	51	16	14	11251	November_4,_2004	No
Jonathunder	14	10	4	0	18579	October_5,_2004	Yes
Espresso_Addict	14	6	7	1	17317	May_14,_2006	Yes
Aditya	4	4	0	0	5052	August_31,_2008	No
Rrburke	2	2	0	0	44856	December_6,_2005	No
Woody	1	1	0	0	27384	July_10,_2006	Yes
Flyguy649	3	3	0	0	21347	December_10,_2005	Yes
Scientizzle	7	6	0	1	24432	March_3,_2006	Yes
Postdlf	1	0	1	0	64875	November_9,_2003	Yes
ThinkBlue	1	1	0	0	47375	December_1,_2006	No
Dylandlima	4	2	2	0	535	May_2,_2009	No
Greyhood	1	1	0	0	33585	June_1,_2008	No
Chrism	1	0	1	0	8026	October_26,_2003	No
Legolas2186	4	4	0	0	26586	June_24,_2008	No
Ocean_Shores	1	1	0	0	3601	June_14,_2010	No
BLGM5	7	2	5	0	1584	January_7,_2010	No
Thorncrag	1	1	0	0	4209	November_14,_2008	No
Fences_and_windows	21	18	1	2	34191	December_27,_2006	Yes
Minor4th	2	2	0	0	2293	April_16,_2010	No
Rje	27	22	4	1	20239	September_24,_2004	Yes
Beeblebrox	33	18	15	0	49110	July_21,_2007	Yes
N5iln	54	37	7	10	25666	May_15,_2006	No
Tabercil	1	1	0	0	28461	March_3,_2005	Yes
SpacemanSpiff	10	10	0	0	23426	May_12,_2009	Yes
Nyttend	8	8	0	0	156889	August_8,_2006	Yes
Clovis_Sangrail	1	1	0	0	3010	February_1,_2007	No
Elektrik_Shoos	3	1	2	0	10004	May_3,_2010	No
Sxeptomaniac	1	0	1	0	1911	February_7,_2006	No
LessHeard_vanU	8	8	0	0	29098	March_8,_2006	Yes
Dmgultekin	1	1	0	0	245	March_31,_2009	No
Warrah	4	2	1	1	3460	September_23,_2009	No
Yaksar	2	2	0	0	4110	March_15,_2007	No
VictorianMutant	12	7	2	3	4364	September_2,_2010	No
Prodego	8	6	2	0	27283	September_23,_2005	Yes
NigelPScott	1	0	1	0	15	January_14,_2008	No
VQuakr	1	1	0	0	10476	October_27,_2007	No
Filelakeshoe	4	3	1	0	10751	March_22,_2007	Yes
Nomoskedasticity	2	1	1	0	6751	January_23,_2008	No
Boghog	3	3	0	0	33103	October_8,_2006	No
Forenti	2	2	0	0	1752	December_4,_2009	No
Liquidluck	4	4	0	0	7527	February_23,_2009	No
Jack_forbes	1	1	0	0	330	October_15,_2010	No
<placeholder>	23	11	11	1	157396	February_15,_2006	Yes
Glrx	1	1	0	0	3149	November_5,_2007	No
Eluchil404	2	1	0	1	9840	March_2,_2006	Yes
Matty_the_Damned	19	10	9	0	172	August_5,_2008	No
Husond	1	1	0	0	36339	July_4,_2006	Yes
Acebulf	1	1	0	0	2357	November_20,_2008	No
MurfleMan	9	5	4	0	456	March_9,_2009	No
Nakon	11	3	8	0	53334	December_13,_2005	Yes
William_M._Connolley	1	0	1	0	50309	February_7,_2003	No
Eusebeus	4	3	1	0	9924	November_17,_2005	No
Joe_Gazz84	2	2	0	0	2459	March_18,_2010	No
Tariqabjotu	1	1	0	0	27004	June_26,_2005	Yes
TParis	8	5	2	1	4716	September_5,_2008	No
Deacon_of_Pndapetzim	3	2	1	0	37451	February_12,_2005	Yes
Luckytoilet	1	1	0	0	77	May_24,_2008	No
RxS	3	0	3	0	12215	February_27,_2005	Yes
Staffwaterboy	1	0	1	0	12561	August_28,_2006	No
Lothar_von_Richthofen	29	19	5	5	5541	March_17,_2009	No
Sallicio	1	0	1	0	6498	November_21,_2007	No
Millahnna	1	1	0	0	12036	November_2,_2008	No
DESiegel	1	1	0	0	22292	February_7,_2005	Yes
Youngamerican	2	2	0	0	15104	February_23,_2005	Yes
Elcobbola	4	3	1	0	6916	May_6,_2007	No
Mattgirling	1	0	1	0	26354	August_11,_2007	Yes
Eustress	1	1	0	0	13132	November_10,_2007	Yes
Xenon54	1	0	1	0	9711	September_12,_2007	No
Harrias	1	1	0	0	13586	December_24,_2005	No
UncleDouggie	8	4	3	1	7455	February_23,_2006	No
Collect	9	5	4	0	15854	June_21,_2006	No
T	2	2	0	0	4122	July_16,_2005	No
Epbr123	11	7	4	0	280564	August_15,_2006	Yes
T._Canens	1	1	0	0	2269	December_26,_2009	No
YellowMonkey	13	10	3	0	86443	September_15,_2005	Yes
Carrite	5	2	2	1	17679	December_28,_2008	No
Tanthalas39	7	6	1	0	22377	October_30,_2006	No
Salvio_giuliano	98	36	58	4	18965	December_10,_2009	Yes
Acalamari	15	15	0	0	64660	October_25,_2006	Yes
TJRC	1	0	1	0	19321	April_5,_2007	No
WeijiBaikeBianji	5	2	2	1	3313	May_8,_2010	No
Coffee	6	3	3	0	19340	April_6,_2007	Yes
Satori_Son	1	1	0	0	21059	May_3,_2006	Yes
Chanakal	1	1	0	0	7375	January_26,_2008	No
Dana_boomer	9	8	1	0	29074	December_12,_2007	Yes
AP1787	1	1	0	0	5177	November_28,_2005	No
Chick_Bowen	6	5	1	0	14490	June_24,_2005	Yes
Stifle	26	22	2	2	69307	October_6,_2005	Yes
Chromancer	2	2	0	0	651	December_11,_2006	No
Will_Beback	4	4	0	0	100065	December_31,_2005	Yes
Emufarmers	2	1	1	0	1305	November_1,_2005	No
Scott_MacDonald	2	2	0	0	11988	May_2,_2008	Yes
AfterHelper11	1	1	0	0	4	March_13,_2011	No
Shadowjams	68	44	23	1	63301	January_22,_2009	No
WhatamIdoing	2	2	0	0	48684	March_5,_2007	No
Mazca	29	28	0	1	9663	May_5,_2006	Yes
Res2216firestar	1	0	0	1	13467	August_30,_2006	No
A3RO	2	1	1	0	13469	May_21,_2006	No
First_Light	13	12	1	0	16108	May_31,_2008	No
Pedro	67	52	12	3	20515	July_28,_2006	Yes
AaronY	1	1	0	0	33381	June_15,_2006	No
Twp	2	2	0	0	13427	November_30,_2005	No
IronGargoyle	3	2	1	0	29023	January_21,_2006	Yes
Sjakkalle	17	16	1	0	29545	March_3,_2005	Yes
Guest9999	1	0	1	0	12757	February_7,_2007	No
Canadian2006	1	1	0	0	1715	September_29,_2007	No
David_Fuchs	10	2	6	2	29389	October_15,_2005	Yes
Hobartimus	1	1	0	0	12236	May_27,_2007	No
Excirial	10	7	2	1	84240	October_5,_2007	Yes
Trebor	6	3	3	0	4968	April_14,_2006	Yes
Connormah	50	43	5	2	25545	July_26,_2006	Yes
Peter_I._Vardy	1	1	0	0	45926	November_6,_2006	No
Greg_L	5	2	3	0	23783	May_29,_2006	No
Rock_drum	1	1	0	0	3748	October_26,_2009	No
Protonk	6	5	1	0	19475	April_17,_2008	Yes
Monomium	2	1	0	1	27	November_10,_2010	No
DerHexer	1	1	0	0	86007	August_27,_2006	Yes
Deb	13	11	0	2	74371	March_30,_2002	Yes
Hamtechperson	2	2	0	0	5562	June_3,_2009	No
Tinucherian	1	1	0	0	53332	July_2,_2007	Yes
Ktr101	104	94	4	6	39739	October_9,_2007	No
Docboat	1	1	0	0	2873	November_24,_2004	No
Durova	1	1	0	0	60564	October_22,_2005	No
Crum375	1	0	1	0	22233	May_3,_2006	Yes
Immunize	32	19	11	2	18223	January_7,_2010	No
Krashlandon	7	6	1	0	5765	January_3,_2006	No
Tex	1	1	0	0	2356	March_31,_2006	No
Brookie	12	10	2	0	24695	January_21,_2005	Yes
Shirik	21	15	5	1	15898	December_17,_2008	Yes
MarnetteD	1	1	0	0	37132	March_26,_2005	No
Gwen_Gale	3	3	0	0	45747	November_23,_2006	Yes
Hersfold	1	1	0	0	29722	December_21,_2006	Yes
Worm_That_Turned	30	20	7	3	5734	July_13,_2008	No
Pascal.Tesson	2	2	0	0	25698	April_19,_2006	No
Trevor_MacInnis	1	1	0	0	74360	June_9,_2004	Yes
Aunt_Entropy	4	0	3	1	6848	February_17,_2008	No
StephenBuxton	3	2	1	0	8545	February_22,_2006	Yes
Deliriousandlost	22	19	3	0	4392	September_12,_2009	No
Ginsengbomb	2	2	0	0	11457	October_13,_2006	No
Olaf_Davis	2	2	0	0	6664	March_19,_2006	Yes
Ceazar77	1	1	0	0	1	August_15,_2010	No
JohnFromPinckney	1	1	0	0	10322	January_12,_2009	No
Thegoodlocust	1	1	0	0	2634	April_1,_2008	No
RobertMfromLI	2	1	1	0	3417	October_22,_2009	No
Ahunt	1	1	0	0	49470	April_30,_2005	No
Arteyu	2	2	0	0	10408	May_6,_2008	No
Multixfer	1	0	1	0	8142	January_6,_2009	No
Deli_nk	5	4	1	0	12582	November_7,_2005	No
Fladrif	4	4	0	0	4103	March_31,_2008	No
Dr._Blofeld	8	5	3	0	345088	June_14,_2006	No
Nimbus227	1	0	1	0	27491	September_29,_2007	No
IJA	2	2	0	0	12185	January_8,_2008	No
Peregrine_Fisher	4	3	1	0	24876	May_19,_2005	No
Novickas	3	1	2	0	7837	August_23,_2006	No
